{"is_source_file": false, "format": "", "description": "", "external_files": [], "external_methods": [], "published": [], "classes": [], "methods": [], "calls": [], "search-terms": [], "state": 2, "file_id": 1, "knowledge_revision": 3, "git_revision": "82b20b13ab53069f76e86cbcadc3aca492ff7b69", "hash": "5aa2cac0ee279194f96ab926414c7bac", "format-version": 4, "code-base-name": "travel_planner_database", "filename": "README.md", "revision_history": [{"3": "82b20b13ab53069f76e86cbcadc3aca492ff7b69"}]}